market,date,ticker,name,sector,close,signal_close,ma120,above_ma_%,volume,avg_vol_5d,vol_ratio,last_close,last_signal_close,last_above_ma_%,return_since_%,bars_since,price_basis,rs_rating,rs_weighted_score_%,rs_12m_return_%,rs_latest_3m_%,rs_months_4_6_%,rs_months_7_9_%,rs_months_10_12_%,rs_as_of,rs_universe,rs_universe_size,rs_price_basis,per,forward_per,eps,fundamentals_as_of,quote_price,quote_as_of,quote_return_since_%
kosdaq150,2026-10-06,028300,HLB,Industrials,47400.0,47400.0,44639.0,6.19,5617819,2229440,2.52,47400.0,47400.0,6.19,0.0,0,adj,44.0,5.43,24.74,-2.77,-4.6,-6.41,43.68,2026-10-06,KOSPI + KOSDAQ 150,366.0,adj,,,,2026-10-07 07:23 KST,47400.0,2026-10-06T15:30:24+09:00,0.0
kosdaq150,2026-10-02,036830,솔브레인홀딩스,Basic Materials,48800.0,48800.0,45214.0,7.93,245672,58740,4.18,49300.0,49300.0,9.09,1.02,1,adj,61.0,12.49,14.9,36.57,-25.1,23.29,-8.88,2026-10-06,KOSPI + KOSDAQ 150,366.0,adj,,,,2026-10-07 07:23 KST,49300.0,2026-10-06T15:30:30+09:00,1.02
kosdaq150,2026-10-02,078600,대주전자재료,,108300.0,108300.0,107668.0,0.59,563923,168368,3.35,111400.0,111400.0,3.51,2.86,1,adj,77.0,23.55,69.04,30.14,-27.76,91.13,-5.92,2026-10-06,KOSPI + KOSDAQ 150,366.0,adj,,,,2026-10-07 07:23 KST,111400.0,2026-10-06T15:30:26+09:00,2.86
kosdaq150,2026-10-02,043260,성호전자,,31200.0,31200.0,30141.0,3.51,9363821,3783381,2.47,32350.0,32350.0,7.63,3.69,1,adj,99.0,279.37,3004.61,52.24,-49.88,237.85,1104.41,2026-10-06,KOSPI + KOSDAQ 150,366.0,adj,,,,2026-10-07 07:23 KST,32350.0,2026-10-06T15:30:05+09:00,3.69
kosdaq150,2026-10-01,214430,아이쓰리시스템,Technology,73300.0,73300.0,73256.0,0.06,126230,23254,5.43,80800.0,80800.0,10.71,10.23,2,adj,54.0,8.88,2.48,29.07,-35.13,14.07,7.3,2026-10-06,KOSPI + KOSDAQ 150,366.0,adj,,21.4,,2026-10-07 07:23 KST,80800.0,2026-10-06T15:30:07+09:00,10.23
kosdaq150,2026-10-01,098460,고영,Technology,34050.0,34050.0,31385.0,8.49,3320962,1097909,3.02,36450.0,36450.0,15.64,7.05,2,adj,80.0,26.0,131.6,28.12,8.59,2.08,63.08,2026-10-06,KOSPI + KOSDAQ 150,366.0,adj,,40.18,,2026-10-07 07:23 KST,36450.0,2026-10-06T15:30:20+09:00,7.05
kosdaq150,2026-10-01,293490,카카오게임즈,Communication Services,9950.0,9950.0,9452.0,5.27,643344,292987,2.2,10010.0,10010.0,6.22,0.6,2,adj,27.0,-0.25,-36.36,29.66,-32.93,-24.33,-3.31,2026-10-06,KOSPI + KOSDAQ 150,366.0,adj,,28.47,,2026-10-07 07:23 KST,10010.0,2026-10-06T15:30:21+09:00,0.6
kosdaq150,2026-10-01,005290,동진쎄미켐,Basic Materials,53100.0,53100.0,49543.0,7.18,1354048,631637,2.14,52300.0,52300.0,5.36,-1.51,2,adj,44.0,5.29,20.51,6.63,9.0,9.49,-5.29,2026-10-06,KOSPI + KOSDAQ 150,366.0,adj,,,,2026-10-07 07:23 KST,52300.0,2026-10-06T15:30:30+09:00,-1.51
kosdaq150,2026-09-29,161580,필옵틱스,Industrials,38500.0,38500.0,36821.0,4.56,2354574,231613,10.17,41850.0,41850.0,13.36,8.7,4,adj,57.0,9.93,10.06,29.97,-14.13,-21.05,24.92,2026-10-06,KOSPI + KOSDAQ 150,366.0,adj,,,,2026-10-07 07:23 KST,41850.0,2026-10-06T15:30:11+09:00,8.7
kosdaq150,2026-09-29,323280,태성,Industrials,54000.0,54000.0,51411.0,5.04,934084,268384,3.48,61000.0,61000.0,18.16,12.96,4,adj,89.0,36.54,145.47,58.44,-25.24,24.25,66.8,2026-10-06,KOSPI + KOSDAQ 150,366.0,adj,,,,2026-10-07 07:23 KST,61000.0,2026-10-06T15:30:05+09:00,12.96
kosdaq150,2026-09-23,357780,솔브레인,Basic Materials,370000.0,370000.0,361212.0,2.43,58240,14550,4.0,425000.0,425000.0,17.31,14.86,6,adj,69.0,16.9,47.94,35.14,-13.95,31.32,-3.11,2026-10-06,KOSPI + KOSDAQ 150,366.0,adj,,16.13,,2026-10-07 07:23 KST,425000.0,2026-10-06T15:30:30+09:00,14.86
kosdaq150,2026-09-22,420770,기가비스,Technology,119500.0,119500.0,119389.0,0.09,376016,183570,2.05,135500.0,135500.0,10.9,13.39,7,adj,91.0,39.74,253.47,-10.56,87.73,146.79,-14.7,2026-10-06,KOSPI + KOSDAQ 150,366.0,adj,,20.62,,2026-10-07 07:23 KST,135500.0,2026-10-06T15:30:10+09:00,13.39
kosdaq150,2026-09-21,041190,우리기술투자,Financial Services,5860.0,5860.0,5591.0,4.81,14000922,1802468,7.77,6270.0,6270.0,12.52,7.0,8,adj,23.0,-1.87,-42.58,31.45,-22.31,-21.98,-27.93,2026-10-06,KOSPI + KOSDAQ 150,366.0,adj,,,,2026-10-07 07:23 KST,6270.0,2026-10-06T15:30:26+09:00,7.0
kosdaq150,2026-09-21,036810,에프에스티,Technology,30200.0,30200.0,30083.0,0.39,345487,73724,4.69,35850.0,35850.0,20.57,18.71,8,adj,71.0,18.17,16.05,54.19,-37.5,17.35,2.62,2026-10-06,KOSPI + KOSDAQ 150,366.0,adj,,44.65,,2026-10-07 07:23 KST,35850.0,2026-10-06T15:30:27+09:00,18.71
kosdaq150,2026-09-21,067310,하나마이크론,,44800.0,44800.0,38958.0,15.0,6513845,1399760,4.65,52800.0,52800.0,31.23,17.86,8,adj,78.0,24.56,113.93,35.38,34.95,0.0,17.09,2026-10-06,KOSPI + KOSDAQ 150,366.0,adj,,,,2026-10-07 07:23 KST,52800.0,2026-10-06T15:30:30+09:00,17.86
kosdaq150,2026-09-21,253590,네오셈,Technology,13020.0,13020.0,12945.0,0.58,1474404,393562,3.75,16230.0,16230.0,26.02,24.65,8,adj,77.0,22.84,35.98,60.38,-33.42,25.0,1.88,2026-10-06,KOSPI + KOSDAQ 150,366.0,adj,,,,2026-10-07 07:23 KST,16230.0,2026-10-06T15:30:11+09:00,24.65
kosdaq150,2026-09-18,125490,한라캐스트,Industrials,12050.0,12050.0,11863.0,1.57,8575783,1323371,6.48,13740.0,13740.0,17.17,14.02,9,adj,92.0,40.42,77.75,62.41,-37.79,-27.47,142.56,2026-10-06,KOSPI + KOSDAQ 150,366.0,adj,,40.28,,2026-10-07 07:23 KST,13740.0,2026-10-06T15:30:02+09:00,14.02
kosdaq150,2026-09-18,183300,코미코,Technology,30850.0,30850.0,29790.0,3.56,1434054,310879,4.61,34050.0,34050.0,11.34,10.37,9,adj,63.0,13.79,68.29,9.7,39.95,9.52,0.1,2026-10-06,KOSPI + KOSDAQ 150,366.0,adj,,22.29,,2026-10-07 07:23 KST,34050.0,2026-10-06T15:30:11+09:00,10.37
kosdaq150,2026-09-16,006730,서부T&D,Consumer Cyclical,11620.0,11620.0,11583.0,0.32,552916,230616,2.4,11440.0,11440.0,0.58,-1.55,11,adj,49.0,7.23,21.25,10.21,-19.1,3.72,31.11,2026-10-06,KOSPI + KOSDAQ 150,366.0,adj,,15.11,,2026-10-07 07:23 KST,11440.0,2026-10-06T15:30:23+09:00,-1.55
kosdaq150,2026-09-15,056190,SFA,Industrials,28800.0,28800.0,25439.0,13.21,507274,77932,6.51,31800.0,31800.0,24.06,10.42,12,adj,68.0,16.43,39.77,40.71,-12.62,9.81,3.52,2026-10-06,KOSPI + KOSDAQ 150,366.0,adj,,8.8,,2026-10-07 07:23 KST,31800.0,2026-10-06T15:30:30+09:00,10.42
kosdaq150,2026-09-15,030530,원익홀딩스,Industrials,25050.0,25050.0,24289.0,3.13,9961088,2301379,4.33,30600.0,30600.0,26.84,22.16,12,adj,95.0,50.67,108.59,63.11,-29.61,-38.45,195.16,2026-10-06,KOSPI + KOSDAQ 150,366.0,adj,,,,2026-10-07 07:23 KST,30600.0,2026-10-06T15:30:11+09:00,22.16
kosdaq150,2026-09-15,058610,에스피지,,102800.0,102696.5859,100890.0,1.79,1663373,389120,4.27,106300.0,106300.0,6.32,3.4,12,adj,97.0,54.07,294.8,40.19,-26.67,37.63,179.01,2026-10-06,KOSPI + KOSDAQ 150,366.0,adj,,,,2026-10-07 07:23 KST,106300.0,2026-10-06T15:30:08+09:00,3.4
kosdaq150,2026-09-15,437730,삼현,Industrials,52700.0,52700.0,43248.0,21.86,1130542,387135,2.92,51800.0,51800.0,19.24,-1.71,12,adj,91.0,39.13,135.13,40.0,-24.1,-12.16,151.93,2026-10-06,KOSPI + KOSDAQ 150,366.0,adj,,,,2026-10-07 07:23 KST,51800.0,2026-10-06T15:30:28+09:00,-1.71
kosdaq150,2026-09-15,090360,로보스타,Industrials,79200.0,79200.0,77886.0,1.69,207714,98062,2.12,81700.0,81700.0,2.33,3.16,12,adj,74.0,20.38,91.33,6.94,35.7,-26.12,78.45,2026-10-06,KOSPI + KOSDAQ 150,366.0,adj,,,,2026-10-07 07:23 KST,81700.0,2026-10-06T15:30:26+09:00,3.16
kosdaq150,2026-09-14,101730,위메이드맥스,,5200.0,5200.0,4370.0,18.98,4545640,75001,60.61,4605.0,4605.0,5.87,-11.44,13,adj,15.0,-5.71,-31.17,4.19,-4.64,-26.31,-5.98,2026-10-06,KOSPI + KOSDAQ 150,366.0,adj,,,,2026-10-07 07:23 KST,4605.0,2026-10-06T15:30:03+09:00,-11.44
kosdaq150,2026-09-11,053800,안랩,Technology,59300.0,59300.0,58783.0,0.88,93469,16876,5.54,89000.0,89000.0,48.08,50.08,14,adj,78.0,24.29,50.45,65.12,-9.72,-0.83,1.77,2026-10-06,KOSPI + KOSDAQ 150,366.0,adj,,,,2026-10-07 07:23 KST,89000.0,2026-10-06T15:30:10+09:00,50.08
kosdaq150,2026-09-10,036540,SFA반도체,Technology,7110.0,7110.0,6670.0,6.6,12476731,3190064,3.91,11730.0,11730.0,65.84,64.98,15,adj,97.0,53.96,164.49,123.86,-17.09,12.26,26.94,2026-10-06,KOSPI + KOSDAQ 150,366.0,adj,,27.93,,2026-10-07 07:23 KST,11730.0,2026-10-06T15:30:11+09:00,64.98
kosdaq150,2026-09-07,090360,로보스타,Industrials,77400.0,77400.0,77238.0,0.21,317108,127643,2.48,81700.0,81700.0,2.33,5.56,18,adj,74.0,20.38,91.33,6.94,35.7,-26.12,78.45,2026-10-06,KOSPI + KOSDAQ 150,366.0,adj,,,,2026-10-07 07:23 KST,81700.0,2026-10-06T15:30:26+09:00,5.56
kosdaq150,2026-09-04,108490,로보티즈,Technology,304500.0,304500.0,265138.0,14.85,1433047,190373,7.53,315500.0,315500.0,15.32,3.61,19,adj,80.0,25.76,100.96,39.91,-6.63,-3.01,58.6,2026-10-06,KOSPI + KOSDAQ 150,366.0,adj,,169.77,,2026-10-07 07:23 KST,315500.0,2026-10-06T15:30:22+09:00,3.61
kospi,2026-10-06,003670,포스코퓨처엠,일차전지 및 이차전지 제조업,204500.0,204500.0,193143.0,5.88,629827,255388,2.47,204500.0,204500.0,5.88,0.0,0,adj,64.0,14.29,38.72,28.21,-24.41,15.63,23.78,2026-10-06,KOSPI + KOSDAQ 150,366.0,adj,,190.24,,2026-10-07 07:23 KST,204500.0,2026-10-06T15:30:10+09:00,0.0
kospi,2026-10-02,217590,티엠씨,절연선 및 케이블 제조업,18440.0,18440.0,17897.0,3.03,5833870,530190,11.0,19090.0,19090.0,6.8,3.52,1,adj,,,,,,,,,,,,,57.5,,2026-10-07 07:23 KST,19090.0,2026-10-06T15:30:04+09:00,3.52
kospi,2026-10-02,020150,롯데에너지머티리얼즈,전자부품 제조업,50800.0,50800.0,45373.0,11.96,1399138,193008,7.25,54200.0,54200.0,19.25,6.69,1,adj,86.0,31.19,141.43,44.15,-17.27,49.75,35.19,2026-10-06,KOSPI + KOSDAQ 150,366.0,adj,,113.38,,2026-10-07 07:23 KST,54200.0,2026-10-06T15:30:09+09:00,6.69
kospi,2026-10-02,011790,SKC,기타 화학제품 제조업,106500.0,106500.0,106044.0,0.43,628414,270024,2.33,111700.0,111700.0,5.2,4.88,1,adj,41.0,4.26,7.61,10.59,12.35,-18.57,6.36,2026-10-06,KOSPI + KOSDAQ 150,366.0,adj,,-43.56,,2026-10-07 07:23 KST,111700.0,2026-10-06T15:30:28+09:00,4.88
kospi,2026-09-30,457190,이수스페셜티케미컬,기초 화학물질 제조업,79700.0,79700.0,79595.0,0.13,1183009,160433,7.37,84200.0,84200.0,6.31,5.65,3,adj,76.0,22.71,78.58,28.94,-32.54,59.47,28.74,2026-10-06,KOSPI + KOSDAQ 150,366.0,adj,,,,2026-10-07 07:23 KST,84200.0,2026-10-06T15:30:24+09:00,5.65
kospi,2026-09-30,001120,LX인터내셔널,상품 중개업,43300.0,43300.0,41511.0,4.31,169750,81201,2.09,43300.0,43300.0,4.71,0.0,3,adj,65.0,14.98,48.32,14.1,-27.3,66.76,7.22,2026-10-06,KOSPI + KOSDAQ 150,366.0,adj,,5.78,,2026-10-07 07:23 KST,43300.0,2026-10-06T15:30:30+09:00,0.0
kospi,2026-09-23,103590,일진전기,절연선 및 케이블 제조업,81700.0,81700.0,81191.0,0.63,999539,494021,2.02,87900.0,87900.0,7.63,7.59,6,adj,81.0,26.32,139.85,22.59,-5.66,21.79,70.27,2026-10-06,KOSPI + KOSDAQ 150,366.0,adj,,21.29,,2026-10-07 07:23 KST,87900.0,2026-10-06T15:30:10+09:00,7.59
kospi,2026-09-22,052690,한전기술,"건축기술, 엔지니어링 및 관련 기술 서비스업",138100.0,138100.0,130432.0,5.88,2023424,732208,2.76,128800.0,128800.0,0.34,-6.73,7,adj,70.0,17.86,52.93,20.49,-33.68,68.27,13.75,2026-10-06,KOSPI + KOSDAQ 150,366.0,adj,,54.86,,2026-10-07 07:23 KST,128800.0,2026-10-06T15:30:11+09:00,-6.73
kospi,2026-09-18,229640,LS에코에너지,기타 금융업,60500.0,60500.0,55953.0,8.13,918517,307011,2.99,67400.0,67400.0,17.35,11.4,9,adj,72.0,19.17,74.0,32.94,16.95,18.77,-5.78,2026-10-06,KOSPI + KOSDAQ 150,366.0,adj,,34.8,,2026-10-07 07:23 KST,67400.0,2026-10-06T15:30:25+09:00,11.4
kospi,2026-09-17,004710,한솔테크닉스,전자부품 제조업,9200.0,9200.0,9113.0,0.96,1649348,619834,2.66,12000.0,12000.0,24.67,30.43,10,adj,81.0,26.08,90.17,26.72,105.2,-22.01,-6.22,2026-10-06,KOSPI + KOSDAQ 150,366.0,adj,,,,2026-10-07 07:23 KST,12000.0,2026-10-06T15:30:14+09:00,30.43
kospi,2026-09-17,000150,두산,전자부품 제조업,1405000.0,1405000.0,1389604.0,1.11,194771,84164,2.31,1468000.0,1468000.0,3.68,4.48,10,adj,75.0,21.52,145.48,4.2,30.87,35.58,32.78,2026-10-06,KOSPI + KOSDAQ 150,366.0,adj,,33.24,,2026-10-07 07:23 KST,1468000.0,2026-10-06T15:30:17+09:00,4.48
kospi,2026-09-16,229640,LS에코에너지,기타 금융업,56600.0,56600.0,55750.0,1.52,1038798,79860,13.01,67400.0,67400.0,17.35,19.08,11,adj,72.0,19.17,74.0,32.94,16.95,18.77,-5.78,2026-10-06,KOSPI + KOSDAQ 150,366.0,adj,,34.8,,2026-10-07 07:23 KST,67400.0,2026-10-06T15:30:25+09:00,19.08
kospi,2026-09-14,017900,광전자,반도체 제조업,10270.0,10270.0,8287.0,23.93,28971832,5976626,4.85,10330.0,10330.0,15.53,0.58,13,adj,98.0,73.46,453.62,73.03,3.11,221.67,-3.53,2026-10-06,KOSPI + KOSDAQ 150,366.0,adj,,,,2026-10-07 07:23 KST,10330.0,2026-10-06T15:30:24+09:00,0.58
kospi,2026-09-10,281820,케이씨텍,"측정, 시험, 항해, 제어 및 기타 정밀기기 제조업; 광학기기 제외",72100.0,72100.0,69693.0,3.45,695000,158369,4.39,107400.0,107400.0,45.12,48.96,15,adj,86.0,31.11,171.05,8.7,128.44,-3.94,13.62,2026-10-06,KOSPI + KOSDAQ 150,366.0,adj,,14.02,,2026-10-07 07:23 KST,107400.0,2026-10-06T15:30:30+09:00,48.96
kospi,2026-09-08,017900,광전자,반도체 제조업,8180.0,8180.0,8070.0,1.37,14512685,527517,27.51,10330.0,10330.0,15.53,26.28,17,adj,98.0,73.46,453.62,73.03,3.11,221.67,-3.53,2026-10-06,KOSPI + KOSDAQ 150,366.0,adj,,,,2026-10-07 07:23 KST,10330.0,2026-10-06T15:30:24+09:00,26.28
kospi,2026-09-08,052690,한전기술,"건축기술, 엔지니어링 및 관련 기술 서비스업",142600.0,142600.0,132545.0,7.59,2238809,375137,5.97,128800.0,128800.0,0.34,-9.68,17,adj,70.0,17.86,52.93,20.49,-33.68,68.27,13.75,2026-10-06,KOSPI + KOSDAQ 150,366.0,adj,,54.86,,2026-10-07 07:23 KST,128800.0,2026-10-06T15:30:11+09:00,-9.68
sp500,2026-10-06,CEG,Constellation Energy,Utilities,300.4,300.4,273.11,9.99,13363800,3545680,3.77,300.4,300.4,9.99,0.0,0,adj,53.0,1.89,-17.03,22.37,-10.51,-22.29,-2.5,2026-10-06,S&P 500,498.0,adj,29.36,22.55,10.23,2026-10-07 07:23 KST,300.4,2026-10-06T16:00:01-04:00,0.0
sp500,2026-10-06,VST,Vistra Corp.,Utilities,160.5,160.5,150.2,6.86,18019485,8245100,2.19,160.5,160.5,6.86,0.0,0,adj,22.0,-3.48,-19.45,2.25,3.86,-10.46,-15.29,2026-10-06,S&P 500,498.0,adj,27.07,15.41,5.93,2026-10-07 07:23 KST,160.5,2026-10-06T16:00:03-04:00,0.0
sp500,2026-10-01,SNPS,Synopsys,Information Technology,490.54,490.54,441.23,11.17,6662200,2307480,2.89,505.17,505.17,14.04,2.98,3,adj,65.0,4.85,5.64,14.22,11.38,-21.95,6.39,2026-10-06,S&P 500,498.0,adj,89.25,27.18,5.66,2026-10-07 07:23 KST,505.17,2026-10-06T16:00:00-04:00,2.98
sp500,2026-10-01,HAS,Hasbro,Consumer Discretionary,89.98,89.98,88.87,1.25,3380500,1626820,2.08,91.03,91.03,2.45,1.17,3,adj,81.0,8.86,25.66,17.61,-13.05,4.36,17.75,2026-10-06,S&P 500,498.0,adj,16.28,14.0,5.59,2026-10-07 07:23 KST,91.03,2026-10-06T16:00:01-04:00,1.17
sp500,2026-09-18,DAL,Delta Air Lines,Industrials,79.62,79.62,79.6,0.02,24904500,5877600,4.24,83.66,83.66,2.98,5.07,12,adj,77.0,7.53,45.17,-8.52,37.65,-7.28,24.34,2026-10-06,S&P 500,498.0,adj,13.87,10.35,6.03,2026-10-07 07:23 KST,83.66,2026-10-06T16:00:02-04:00,5.07
sp500,2026-09-18,KMI,Kinder Morgan,Energy,31.84,31.84,31.78,0.17,35877700,13483180,2.66,32.16,32.16,1.54,1.01,12,adj,64.0,4.66,19.77,2.43,-3.64,24.95,-2.89,2026-10-06,S&P 500,498.0,adj,20.75,20.82,1.55,2026-10-07 07:23 KST,32.16,2026-10-06T16:00:02-04:00,1.01
